{
  "locate": "অবস্থান আইকনে ক্লিক করুন",
  "lng": "শুধুমাত্র",
  "new": "সর্বশেষ পোস্ট",
  "missing": "নিখোঁজ",
  "complete": "সব",
  "title": "আপনার জিনিসগুলি সন্ধান করুন",
  " Lost or Found ": "আপনার হারানো বা পাওয়া অ্যাড তৈরি করুন",
  "found_item": "পাওয়া",
  "see_all": "সব দেখ",
  "home": "বাড়ি",
  "new_ad": "বিজ্ঞাপন তৈরি করুন",
  "our_ads": "আমার বিজ্ঞাপনসমূহ",
  "communicate": "চ্যাট",
  "person": "প্রোফাইল",
  "about": "আমাদের সম্পর্কে",
  "report": "প্রতিবেদন তৈরি করুন",
  "category": "বিভাগ",
  "SelectCategory": "একটি বিভাগ নির্বাচন করুন",
  "post_title": "পোস্টের ধরণ",
  "urgent": "জরুরি অবস্থা",
  "agree": "হ্যাঁ",
  "disagree": "না",
  "new_title": "শিরোনাম",
  "limit": "কমপক্ষে 60 টি অক্ষর প্রয়োজন",
  "describe": "িবরণ",
  "imp_info": "গুরুত্বপূর্ণ তথ্য",
  "prize": "পুরস্কার",
  "negotiate": "পুরষ্কার আলোচনা সাপেক্ষে",
  "nm_city": "শহর",
  "next": "পরবর্তী",
  "MOBILE": "মুঠোফোন",
  "PEOPLE": "মানুষ",
  "BAGS": "ট্রাউজার্স",
  "PETS": "পোষা প্রাণী",
  "VEHICLES": "যানবাহন",
  "DOCUMENTS": "ডকুমেন্টস",
  "Select_a_Category": "একটি বিভাগ নির্বাচন করুন",
  "Language": "ভাষা নির্বাচন করুন",
  "preference": "আমরা আপনার পছন্দ মনে রাখব।",
  "Eng": "ইংরেজি",
  "Bang": "বাংলা",
  "Hindi": "হিন্দি",
  "TOYS":"খেলনা",
  "OTHERS":"অন্যান্য",
  "KEYS":"কি",
  "FASHION":"ফ্যাশন",
  "JEWELLERY":"মণিরত্ন",
  "LAPTOP":"ল্যাপটপ",
  "SPORTS":"ক্রীড়া",
   "WATCHES":"ঘড়ির",
  "app": "ভারত অনুসন্ধান করুন",
  "search" : "হারিয়ে যাওয়া এবং খুঁজে পাওয়ার জন্য অনুসন্ধান ভারত হ'ল ডিজিটাল প্ল্যাটফর্ম।\nআমরা পুরো ভারত জুড়ে আমাদের পরিষেবা সরবরাহ করি \\\nআমরা আপনার হারিয়ে যাওয়া আইটেমগুলি অনুসন্ধান করতে এটি আসে সবচেয়ে কার্যকর পরিষেবা সরবরাহ।\n অনুসন্ধান ভারত গ্রামীণ এবং শহর উভয় অঞ্চলে পরিষেবা সরবরাহ করে।\nআমাদের সাথে একবার লগ ইন করা নথি, আইটেমগুলি অল্প সময়ের মধ্যে আপনার ঠিকানায় ফিরে আসবে।"

}