{
  "locate": "Ubicación actual",
  "lng": "SPA",
  "new": " Últimas publicaciones",
  "missing": "PERDIDA",
  "complete": "TODAS",
  "title": "ENCUENTRA TUS COSAS",
  " Lost or Found ": "CREA tu anuncio perdido o encontrado",
  "found_item": "Encontrada",
  "see_all": "VER TODO",
  "home": "Casa",
  "new_ad": "Crear anuncio",
  "our_ads": "MIS anuncios",
  "communicate": "Charla",
  "person": "Mi cuenta",
  "about": "Sobre nosotras",
  "report": "Crear reporte",
  "category": "Categoría",
  "Select_category": "Seleccione una categoría",
  "post_title": "Tipo de mensaje",
  "urgent": "Emergencia",
  "agree": "Si",
  "disagree": "No",
  "new_title": "Título",
  "limit": "Se necesitan al menos 60 caracteres",
  "describe": "Descripción",
  "imp_info": "Información importante",
  "prize": "Recompensa",
  "negotiate": "Es la recompensa negociable",
  "nm_city": "Ciudad",
  "next": "Próxima",
  "MOBILE": "MÓVIL",
  "PEOPLE": "PERSONAS",
  "BAGS": "BOLSAS",
  "PETS": "MASCOTAS",
  "VEHICLES": "VEHÍCULOS",
  "DOCUMENTS": "DOCUMENTOS",
  "Select_a_Category": "Seleccione una categoría",
  "Language": "Seleccione el idioma",
  "preference": "Recordaremos su preferencia",
  "Eng": "Inglesa",
  "Bang": "Bengalí",
  "Hindi": "Hindi",
  "app": "Buscar India",
  "TOYS": "JUGUETES",
  "OTHERS": "OTRAS",
  "WATCHES": "RELOJES",
  "KEYS": "LLAVES",
  "FASHION": "MODA",
  "JEWELLERY": "JOYERÍA",
  "LAPTOP": "ORDENADOR PORTÁTIL",
  "SPORTS": "DEPORTES",
  "search": "Search India es la plataforma digital para objetos perdidos. \nProporcionamos nuestro servicio en toda la India.\n\nProporcionamos el servicio más eficiente para buscar sus objetos perdidos. Search India brinda servicios tanto en áreas rurales como urbanas. Los documentos, los artículos perdidos una vez que se registran con nosotros serán devueltos a su dirección dentro de un lapso de tiempo"
}