{
  "locate": "સ્થાન આઇટમ પર ક્લિક કરો",
  "lng": "LANG",
  "new": "નવીનતમ પોસ્ટ",
  "missing": "લોસ્ટ",
  "complete": "બધા",
  "title": "તમારી વસ્તુઓ શોધો",
  "Lost or Found ": "તમારું ખોવાયેલ અથવા મળ્યું ઉમેરો બનાવો",
  "found_item": "મળી",
  "see_all": "બધુજ જુઓ",
  "home": "હોમ",
  "new_ad": "જાહેરાત બનાવો",
  "our_ads": "મારી જાહેરાતો",
  "communicate": "ચેટ",
  "person": "પ્રોફાઇલ",
  "about": "અમારા વિશે",
  "forward": "આગળ",
  "report": "રિપોર્ટ બનાવો",
  "category": "કેટેગરી",
  "SelectCategory": "શ્રેણી ની પસંદગી કરો",
  "post_title": "પોસ્ટ પ્રકાર",
  "urgent": "ઇમર્જન્સી",
  "agree": "હા",
  "disagree": "ના",
  "new_title": "શીર્ષક",
  "limit": "ઓછામાં ઓછા 60 અક્ષરો આવશ્યક છે",
  "describe": "વર્ણન",
  "imp_info": "મહત્વની માહિતી",
  "prize": "પુરસ્કાર",
  "negotiate": "ઇનામ વાટાઘાટો છે",
  "nm_city": "શહેર",
  "next": "આગળ",
  "MOBILE": "મોબાઇલ",
  "PEOPLE": "લોકો",
  "BAGS": "બેગ્સ",
  "PETS": "પાળતુ પ્રાણી",
  "VEHICLES": "વાહનો",
  "DOCUMENTS": "દસ્તાવેજો",
  "Select_a_Category": "શ્રેણી ની પસંદગી કરો",
  "Language": "ભાષા પસંદ કરો",
  "preference": "અમે તમારી પસંદગી યાદ રાખીશું.",
  "Eng": "અંગ્રેજી",
  "Bang": "બંગલા",
  "Hindi": "હિન્દી",
  "app": "સર્ચ ઇન્ડિયા",
  "TOYS": "રમકડા",
  "OTHERS": "અન્ય",
  "KEYS": "કીઝ",
  "FASHION": "ફેશન",
  "JEWELLERY": "રત્ન",
  "LAPTOP": "લેપટોપ",
  "SPORTS": "રમતો",
  "WATCHES": "ઘડિયાળો",
  "search": "સર્ચ ઇન્ડિયા એ ખોવાયેલા અને મળેલા માટેનું ડિજિટલ પ્લેટફોર્મ છે. અમે આખા ભારતમાં અમારી સેવા પ્રદાન કરીએ છીએ. અમે તમારી ખોવાયેલી વસ્તુઓની શોધ કરવા માટે આવે છે તે ખૂબ જ કાર્યક્ષમ સેવા પ્રદાન કરીએ છીએ. શોધ ભારત ગ્રામીણ અને શહેરી બંને વિસ્તારોમાં સેવા પ્રદાન કરે છે. અમારી સાથે લ ઇન થયા પછી દસ્તાવેજો, આઇટમ્સ ખોવાઈ ગયેલા સમયગાળા પછી તમારા સરનામાં પર પાછા આવશે. "
}