{"locate": "लोकेशन आइकन पर क्लिक करें",
  "lng": "भाषा",
  "new": "नवीनतम लेख",
  "missing": "खोया",
  "complete": "सभी",
  "title": "अपनी चीजें खोजें",
  " Lost or Found ": "अपना खोया हुआ या मिला हुआ ऐड बनाएँ",
  "found_item": "मिला",
  "see_all": "सभी देखें",
  "home": "घर",
  "new_ad": "नया विज्ञापन",
  "our_ads": "मेरे विज्ञापन",
  "communicate": "बातचीत",
  "person": "प्रोफ़ाइल",
  "about": "हम",
  
  "TOYS":"खिलौने"
  ,

  "OTHERS":"अन्य"
  ,

  "KEYS":"चांबियाँ"
  ,

  "FASHION":"फैशन"

,
  "JEWELLERY":"आभूषण"
,

  "LAPTOP":"लैपटॉप"
,

  "SPORTS":"खेल",


   "WATCHES":"घड़ियों"

,
  "forward": "आगे",
  "report": "रिपोर्ट बनाएं",
  "category": "वर्ग *",
  "SelectCategory": "एक वर्ग का चयन करें",
  "post_title": "विज्ञापन का प्रकार *",
  "urgent": "अति आवश्यक*",
  "agree": "हाँ",
  "disagree": "नहीं",
  "new_title": "शीर्षक *",
  "limit": "कम से कम साठ शब्द चाहिए",
  "describe": "विवरण *",
  "imp_info": "महत्वपूर्ण जानकारी",
  "prize": "इनाम *",
  "negotiate": "मोल तोल योग्य ?",
  "nm_city": "शहर *",
  "next": "आगे",
  "MOBILE": "मोबाइल",
  "PEOPLE": "लोग",
  "BAGS": "बैग",
  "PETS": "पालतू जानवर",
  "VEHICLES": "वाहन",
  "DOCUMENTS": "दस्तावेज़",
  "Select_a_Category": "एक वर्ग का चयन करें",
  "Language": "भाषा चुनें",
  "preference": "हम आपकी प्राथमिकता को याद रखेंगे।",
  "Eng": "अंग्रेज़ी",
  "Bang": "बांग्ला",
  "Hindi": "हिंदी"
}