{
  "locate": "लोकेशन आयटमवर क्लिक करा",
  "lng": "LANG",
  "new": "नवीनतम पोस्ट",
  "missing": "गमावले",
  "complete": "सर्व",
  "title": "आपल्या गोष्टी शोधा",
  " Lost or Found ": "आपला गमावलेला किंवा सापडलेला जोडा तयार करा",
  "found_item": "आढळले",
  "see_all": "सर्व पहा",
  "home": "मुख्यपृष्ठ",
  "new_ad": "जाहिरात तयार करा",
  "our_ads": "माझ्या जाहिराती",
  "communicate": "चॅट",
  "person": "प्रोफाइल",
  "about": "आमच्याबद्दल",
  "report": "अहवाल तयार करा",
  "category": "श्रेणी",
  "Select_category": "एक श्रेणी निवडा",
  "post_title": "पोस्ट प्रकार",
  "urgent": "आणीबाणी",
  "agree": "होय",
  "disagree": "नाही",
  "new_title": "शीर्षक",
  "limit": "किमान 60 वर्ण आवश्यक",
  "describe": "वर्णन",
  "imp_info": "महत्वाची माहिती",
  "prize": "प्रतिफळ भरून पावले",
  "negotiate": "बक्षीस परवडण्यायोग्य आहे",
  "nm_city": "शहर",
  "next": "पुढे",
  "MOBILE": "मोबाईल",
  "PEOPLE": "लोक",
  "BAGS": "बॅग्स",
  "PETS": "पाळीव प्राणी",
  "VEHICLES": "वाहन",
  "DOCUMENTS": "डॉक्युमेंट्स",
  "Select_a_Category": "एक श्रेणी निवडा",
  "Language": "भाषा निवडा",
  "preference": "आम्ही आपले प्राधान्य लक्षात ठेवू.",
  "Eng": "इंग्रजी",
  "Bang": "बांगला",
  "Hindi": "हिंदी",
  "app": "भारत शोधा",
  "TOYS": "खेळण्या",
  "OTHERS": "इतर",
  "KEYS": "की",
  "FASHION": "फॅशन",
  "JEWELLERY": "ज्वेलरी",
  "LAPTOP": "लॅपटॉप",
  "SPORTS": "खेळ",
  "WATCHES": "वॉच",
  "search": "शोध इंडिया हे हरवलेले आणि सापडलेले हे डिजिटल प्लॅटफॉर्म आहे. All n आम्ही संपूर्ण भारतभर आपली सेवा प्रदान करतो.\n आपल्या हरवलेल्या वस्तू शोधण्यात आम्ही सर्वात कार्यक्षम सेवा प्रदान करतो. शोध भारत ग्रामीण आणि शहरी दोन्ही भागात सेवा प्रदान करते. कागदपत्रे, एकदा आमच्याबरोबर लॉग इन केलेले हरवलेले आयटम अल्पावधीतच आपल्या पत्त्यावर परत येतील."
}