{
  "locate": "இருப்பிட உருப்படியைக் கிளிக் செய்க",
  "lng": "லாங்",
  "new": "சமீபத்திய இடுகை",
  "missing": "இழந்தது",
  "complete": "எல்லாம்",
  "title": "உங்கள் விஷயங்களைக் கண்டுபிடி",
  " Lost or Found ": "உங்கள் இழந்த அல்லது கிடைத்த சேர்க்கையை உருவாக்கு",
  "found_item": "கண்டறியப்பட்டது",
  "see_all": "அனைத்தையும் காட்டு",
  "home": "வீடு",
  "new_ad": "விளம்பரத்தை உருவாக்கு",
  "our_ads": "என் விளம்பரங்கள்",
  "communicate": "அரட்டை",
  "person": "சுயவிவரம்",
  "about": "எங்களை பற்றி",
  "report": "அறிக்கையை உருவாக்கு",
  "category": "வகை",
  "Select_category": "ஓர் வகையறாவை தேர்ந்தெடு",
  "post_title": "இடுகை வகை",
  "urgent": "அவசரம்",
  "agree": "ஆம்",
  "disagree": "இல்லை",
  "new_title": "தலைப்பு",
  "limit": "குறைந்தபட்சம் 60 எழுத்துக்கள் தேவை",
  "describe": "விளக்கம்",
  "imp_info": "முக்கிய தகவல்",
  "prize": "வெகுமதி",
  "negotiate": "வெகுமதி பேச்சுவார்த்தைக்குட்பட்டது",
  "nm_city": "நகரம்",
  "next": "அடுத்தது",
  "MOBILE": "கைபேசி",
  "PEOPLE": "மக்கள்",
  "BAGS": "பைகள்",
  "PETS": "செல்லம்",
  "VEHICLES": "வாகனங்கள்",
  "DOCUMENTS": "ஆவணங்கள்",
  "Select_a_Category": "ஓர் வகையறாவை தேர்ந்தெடு",
  "Language": "மொழியைத் தேர்வுசெய்க",
  "preference": "உங்கள் விருப்பத்தை நாங்கள் நினைவில் கொள்வோம்.",
  "Eng": "ஆங்கிலம்",
  "Bang": "பங்களா",
  "Hindi": "இந்தி",
  "TOYS": "டாய்ஸ்",
  "OTHERS": "மற்றவைகள்",
  "KEYS": "விசைகள்",
  "FASHION": "ஃபேஷன்",
  "JEWELLERY": "அணிகலன்கள்",
  "LAPTOP": "லேப்டாப்",
  "SPORTS": "ஸ்போர்ட்ஸ்",
  "WATCHES": "கடிகாரங்கள்",
  "app": "இந்தியாவைத் தேடு",
  "search": "தேடிய இந்தியா என்பது தொலைந்து போன மற்றும் கண்டுபிடிக்கப்பட்ட டிஜிட்டல் தளமாகும். India n நாங்கள் இந்தியா முழுவதும் எங்கள் சேவையை வழங்குகிறோம். Lost n n உங்கள் இழந்த பொருட்களைத் தேடுவதற்கு மிகவும் திறமையான சேவையை நாங்கள் வழங்குகிறோம். தேடல் இந்தியா கிராமப்புற மற்றும் நகர்ப்புற பகுதிகளுக்கு சேவையை வழங்குகிறது. ஆவணங்கள், எங்களுடன் உள்நுழைந்தவுடன் இழந்த உருப்படிகள் ஒரு குறிப்பிட்ட நேரத்திற்குள் உங்கள் முகவரிக்குத் திரும்பும். "
}